{
  "formatVersion": 1,
  "database": {
    "version": 3,
    "identityHash": "7bef372fcab480e42e40827e50aa0a89",
    "entities": [
      {
        "tableName": "student",
        "createSql": "CREATE TABLE IF NOT EXISTS `${TABLE_NAME}` (`id` INTEGER PRIMARY KEY AUTOINCREMENT NOT NULL, `first_name` TEXT, `last_name` TEXT, `photo_uri` TEXT, `score` INTEGER NOT NULL)",
        "fields": [
          {
            "fieldPath": "id",
            "columnName": "id",
            "affinity": "INTEGER",
            "notNull": true
          },
          {
            "fieldPath": "firstName",
            "columnName": "first_name",
            "affinity": "TEXT",
            "notNull": false
          },
          {
            "fieldPath": "lastName",
            "columnName": "last_name",
            "affinity": "TEXT",
            "notNull": false
          },
          {
            "fieldPath": "photoUri",
            "columnName": "photo_uri",
            "affinity": "TEXT",
            "notNull": false
          },
          {
            "fieldPath": "score",
            "columnName": "score",
            "affinity": "INTEGER",
            "notNull": true
          }
        ],
        "primaryKey": {
          "columnNames": [
            "id"
          ],
          "autoGenerate": true
        },
        "indices": [],
        "foreignKeys": []
      }
    ],
    "setupQueries": [
      "CREATE TABLE IF NOT EXISTS room_master_table (id INTEGER PRIMARY KEY,identity_hash TEXT)",
      "INSERT OR REPLACE INTO room_master_table (id,identity_hash) VALUES(42, \"7bef372fcab480e42e40827e50aa0a89\")"
    ]
  }
}